{
  "mean_hard_ratio": 0.09409999999999999,
  "mean_precision_euclidean": 0.08066666666666666,
  "mean_precision_margin": 0.5866666666666667
}